{"accuracy": 0.37373737373737376, "confidence": 0.6612662684931011}