{"accuracy": 0.36363636363636365, "confidence": 0.7141099741007003}