{"accuracy": 0.37373737373737376, "confidence": 0.7227012851984717}