{"accuracy": 0.3838383838383838, "confidence": 0.6823476180953256}