{"accuracy": 0.826530612244898, "confidence": 0.9307548661335882}