{"accuracy": 0.8469387755102041, "confidence": 0.9277617825206236}