{"accuracy": 0.8571428571428571, "confidence": 0.9379336394864151}