{"accuracy": 0.8383838383838383, "confidence": 0.9410271266581991}