{"accuracy": 0.8571428571428571, "confidence": 0.9362301844636861}