{"accuracy": 0.5840867992766727, "confidence": 0.8608297936133973}