{"accuracy": 0.6028225806451613, "confidence": 0.8401925036818306}