{"accuracy": 0.6047904191616766, "confidence": 0.8549511607901897}