{"accuracy": 0.8163265306122449, "confidence": 0.9267828782346003}