{"accuracy": 0.6130198915009042, "confidence": 0.8499784548232385}