{"accuracy": 0.8383838383838383, "confidence": 0.9397891538601824}