{"accuracy": 0.8163265306122449, "confidence": 0.918445148107196}