{"accuracy": 0.8484848484848485, "confidence": 0.9257941652392724}