{"accuracy": 0.8383838383838383, "confidence": 0.9317687619530856}