{"accuracy": 0.5904139433551199, "confidence": 0.8698845065276657}